{"cameraMode":{"drawMode":0,"name":"Shaded","section":"Shading Mode"},"sceneLighting":true,"audioPlay":false,"sceneViewState":{"showFog":true,"showMaterialUpdate":false,"showSkybox":true,"showFlares":true,"showImageEffects":true,"showParticleSystems":true},"in2DMode":false,"pivot":{"x":219.9722137451172,"y":3.1388049125671388,"z":46.62240982055664},"rotation":{"x":0.06772495061159134,"y":0.7556456923484802,"z":-0.07651879638433457,"w":0.6475555300712586},"size":4.418109893798828,"orthographic":false}